City_ID,City,Lat,Lng,Max Temp,Humidity,Cloudiness,Wind Speed,Country,Date
0,mantua,45.17,10.78,84.99,48,79,3.0,IT,1590244146
1,mataura,-46.19,168.86,46.02,89,100,2.62,NZ,1590244146
2,tocopilla,-22.09,-70.2,70.02,42,5,1.92,CL,1590244146
3,qaanaaq,77.48,-69.36,31.37,90,0,3.18,GL,1590244146
4,bilibino,68.05,166.44,26.24,92,82,2.33,RU,1590244147
5,henties bay,-22.12,14.28,72.0,56,0,8.99,NA,1590244147
6,avarua,-21.21,-159.78,78.8,83,100,16.11,CK,1590244147
7,lebu,-37.62,-73.65,53.53,57,100,5.03,CL,1590244147
8,carnarvon,-24.87,113.63,71.73,48,96,17.74,AU,1590243863
9,ancud,-41.87,-73.82,52.0,100,90,13.87,CL,1590244147
10,lasa,46.62,10.7,64.4,59,5,10.29,IT,1590244147
11,pimenteiras,-6.25,-41.42,85.71,58,26,7.43,BR,1590244147
12,saint george,37.1,-113.58,61.0,44,1,10.29,US,1590244147
13,jamestown,42.1,-79.24,61.0,100,90,5.82,US,1590243885
14,trairi,-3.28,-39.27,81.72,87,28,7.65,BR,1590244148
15,victoria,22.29,114.16,78.01,78,89,10.0,HK,1590244104
16,salt,32.04,35.73,75.2,38,20,13.87,JO,1590244148
17,necochea,-38.55,-58.74,46.0,89,55,4.0,AR,1590244148
18,raudeberg,61.99,5.14,57.99,62,1,31.09,NO,1590244148
19,bredasdorp,-34.53,20.04,73.4,4,0,13.87,ZA,1590244148
20,kodiak,57.79,-152.41,42.8,87,90,5.01,US,1590244148
21,tuatapere,-46.13,167.68,48.78,79,100,4.0,NZ,1590244148
22,barrow,71.29,-156.79,30.2,86,20,16.11,US,1590244148
23,jacareacanga,-6.22,-57.75,88.79,58,84,4.32,BR,1590244148
24,college,64.86,-147.8,48.99,70,75,3.36,US,1590244148
25,chipinge,-20.19,32.62,66.63,49,29,6.17,ZW,1590244149
26,tuktoyaktuk,69.45,-133.04,28.4,86,5,11.41,CA,1590244149
27,saskylakh,71.92,114.08,49.33,82,0,7.29,RU,1590244149
28,zhangye,38.93,100.45,62.85,38,90,4.32,CN,1590244149
29,zheleznodorozhnyy,55.75,38.0,50.0,66,75,2.24,RU,1590244149
30,alice springs,-23.7,133.88,44.6,48,0,8.01,AU,1590244108
31,baykit,61.67,96.37,69.76,32,0,2.01,RU,1590244149
32,ushuaia,-54.8,-68.3,42.8,87,75,2.24,AR,1590243868
33,namibe,-15.2,12.15,84.16,48,6,10.71,AO,1590244149
34,busselton,-33.65,115.33,62.01,34,49,12.59,AU,1590244149
35,vila franca do campo,37.72,-25.43,64.4,100,75,6.93,PT,1590244149
36,port hedland,-20.32,118.57,59.0,58,0,8.05,AU,1590244150
37,hithadhoo,-0.6,73.08,84.38,75,100,11.48,MV,1590244150
38,den helder,52.96,4.76,64.0,67,20,23.04,NL,1590244140
39,port blair,11.67,92.75,84.43,77,100,5.35,IN,1590244150
40,sisimiut,66.94,-53.67,41.07,69,0,12.19,GL,1590244150
41,kloulklubed,7.04,134.26,80.6,83,90,5.82,PW,1590244150
42,rikitea,-23.12,-134.97,71.26,63,44,19.86,PF,1590244150
43,bethel,41.37,-73.41,66.2,88,90,4.7,US,1590244150
44,albany,42.6,-73.97,73.4,69,75,8.05,US,1590243967
45,aksu,41.12,80.26,78.69,17,0,4.72,CN,1590244150
46,tiksi,71.69,128.87,37.36,93,99,8.05,RU,1590244151
47,bluff,-46.6,168.33,49.23,81,100,6.02,NZ,1590244151
48,rochegda,62.8,43.25,43.18,62,97,4.81,RU,1590244151
49,hobart,-42.88,147.33,50.0,61,90,10.29,AU,1590244002
50,kapaa,22.08,-159.32,73.4,88,20,12.75,US,1590244151
51,cayenne,4.93,-52.33,86.0,66,90,11.41,GF,1590244151
52,opuwo,-18.06,13.84,82.17,21,0,10.09,NA,1590244151
53,east london,-33.02,27.91,68.0,56,0,4.7,ZA,1590244151
54,taoudenni,22.68,-3.98,99.3,9,0,18.3,ML,1590244151
55,caravelas,-17.71,-39.25,83.89,64,21,2.8,BR,1590244151
56,north myrtle beach,33.82,-78.68,82.0,74,1,3.36,US,1590244152
57,ostrovnoy,68.05,39.51,41.76,88,41,14.74,RU,1590244152
58,touros,-5.2,-35.46,78.8,94,75,8.05,BR,1590244152
59,butaritari,3.07,172.79,82.89,76,100,11.3,KI,1590244152
60,altamira,-3.2,-52.21,84.2,83,75,8.05,BR,1590244152
61,atuona,-9.8,-139.03,80.28,78,49,17.16,PF,1590244152
62,maragogi,-9.01,-35.22,81.59,83,0,11.54,BR,1590244152
63,doha,25.29,51.53,97.0,32,0,6.93,QA,1590244153
64,saint-philippe,-21.36,55.77,73.4,64,53,19.46,RE,1590244153
65,trincomalee,8.57,81.23,85.19,80,10,9.28,LK,1590244153
66,kulhudhuffushi,6.62,73.07,84.49,76,0,14.41,MV,1590244153
67,phan thiet,10.93,108.1,81.55,88,35,5.53,VN,1590244153
68,bonoua,5.27,-3.6,87.8,66,20,6.93,CI,1590244153
69,chuy,-33.7,-53.46,60.87,81,100,21.52,UY,1590244154
70,sorland,67.67,12.69,47.35,79,100,16.51,NO,1590244154
71,mahebourg,-20.41,57.7,73.4,69,40,10.29,MU,1590244154
72,yellowknife,62.46,-114.35,37.99,74,75,10.29,CA,1590244154
73,avera,33.19,-82.53,77.0,73,1,8.05,US,1590244154
74,yumen,40.28,97.2,67.33,22,2,13.22,CN,1590244154
75,hasaki,35.73,140.83,60.8,100,75,1.12,JP,1590244154
76,yar-sale,66.83,70.83,61.07,45,93,5.3,RU,1590244155
77,botucatu,-22.89,-48.45,65.23,88,100,12.33,BR,1590244155
78,fortuna,40.6,-124.16,51.01,93,1,5.82,US,1590244155
79,grindavik,63.84,-22.43,53.6,50,32,11.41,IS,1590244155
80,bollnas,61.35,16.39,47.73,83,100,9.6,SE,1590244155
81,boat of garten,57.25,-3.76,57.2,81,100,23.04,GB,1590244155
82,barcelos,41.54,-8.62,78.01,56,11,12.75,PT,1590244155
83,shitanjing,39.23,106.34,60.01,17,2,3.0,CN,1590244156
84,rio grande,-32.03,-52.1,59.0,93,90,11.41,BR,1590244020
85,lata,40.16,-8.33,82.99,63,3,7.0,PT,1590244156
86,cochrane,51.18,-114.47,42.01,93,90,4.21,CA,1590244156
87,bilma,18.69,12.92,101.86,16,91,5.41,NE,1590244156
88,ilulissat,69.22,-51.1,39.2,69,20,9.17,GL,1590244156
89,xichang,27.9,102.26,67.1,66,84,2.82,CN,1590244157
90,namatanai,-3.67,152.43,81.34,79,11,4.0,PG,1590244157
91,pokhara,28.23,83.98,73.35,72,73,3.58,NP,1590243907
92,filingue,14.35,3.32,104.0,8,5,10.87,NE,1590244157
93,morehead,37.27,-87.18,75.2,78,40,5.82,US,1590244134
94,doka,13.52,35.77,90.68,41,28,7.67,SD,1590244157
95,catamarca,-28.47,-65.79,53.01,60,0,1.99,AR,1590244157
96,hambantota,6.12,81.12,83.44,75,91,18.45,LK,1590244157
97,slonim,53.09,25.32,59.49,54,48,5.21,BY,1590244158
98,sao miguel do araguaia,-13.28,-50.16,82.56,70,0,4.07,BR,1590244120
99,lazaro cardenas,17.96,-102.2,79.02,78,100,2.26,MX,1590244158
100,valparaiso,-33.04,-71.63,66.2,24,0,5.82,CL,1590244109
101,zhangjiakou,40.81,114.88,60.42,46,0,8.77,CN,1590244158
102,kaitangata,-46.28,169.85,48.0,85,100,2.53,NZ,1590244158
103,yele,10.73,13.59,93.58,26,97,8.12,CM,1590244158
104,puerto ayora,-0.74,-90.35,77.0,83,20,12.75,EC,1590244158
105,talnakh,69.49,88.4,53.6,93,100,8.95,RU,1590244158
106,buckeye,33.37,-112.58,75.0,24,1,3.36,US,1590244132
107,sandane,61.77,6.21,57.99,62,45,31.09,NO,1590244159
108,panyutyne,48.93,36.28,55.89,59,13,8.99,UA,1590244159
109,port alfred,-33.59,26.89,66.0,79,0,6.64,ZA,1590244159
110,maraba,-5.37,-49.12,87.8,74,40,4.7,BR,1590244159
111,ponta do sol,32.67,-17.1,78.8,50,20,18.34,PT,1590244159
112,kavieng,-2.57,150.8,82.47,77,30,3.09,PG,1590244159
113,axim,4.87,-2.24,85.28,69,45,9.53,GH,1590244159
114,clyde river,70.47,-68.59,26.6,100,90,2.24,CA,1590244159
115,sambava,-14.27,50.17,77.4,82,14,16.46,MG,1590244160
116,ust-tsilma,65.44,52.15,39.4,72,100,8.1,RU,1590244160
117,charlottetown,46.24,-63.13,43.0,41,20,16.11,CA,1590243860
118,gairo,39.85,9.5,71.6,53,20,21.92,IT,1590244160
119,nioro,13.35,-15.75,109.02,14,0,0.87,GM,1590244160
120,ribeira grande,38.52,-28.7,66.2,93,75,6.93,PT,1590244160
121,grand gaube,-20.01,57.66,73.0,69,0,5.01,MU,1590244160
122,anadyr,64.75,177.48,33.8,86,90,4.47,RU,1590244160
123,broome,42.25,-75.83,66.99,88,75,9.17,US,1590244160
124,arandas,20.7,-102.35,69.01,31,0,2.24,MX,1590244160
125,nimaparha,20.07,86.02,84.15,84,51,13.6,IN,1590244161
126,faanui,-16.48,-151.75,80.22,77,20,22.46,PF,1590244161
127,riyadh,24.69,46.72,104.0,15,0,3.36,SA,1590244106
128,karla,59.37,24.93,62.6,40,64,9.17,EE,1590244161
129,dingle,11.0,122.67,80.13,82,100,1.48,PH,1590244161
130,nikolskoye,59.7,30.79,57.2,22,0,8.95,RU,1590244161
131,vaini,-21.2,-175.2,62.6,100,20,7.11,TO,1590244161
132,moree,-29.47,149.85,50.0,66,90,7.0,AU,1590244161
133,vila do maio,15.13,-23.22,84.2,51,20,14.99,CV,1590244161
134,tasiilaq,65.61,-37.64,44.6,70,40,3.36,GL,1590244161
135,punta arenas,-53.15,-70.92,44.6,100,90,3.98,CL,1590243909
136,lorengau,-2.02,147.27,81.81,78,100,3.62,PG,1590244162
137,coihaique,-45.58,-72.07,48.2,93,90,10.29,CL,1590244162
138,hilo,19.73,-155.09,69.8,77,75,3.36,US,1590244162
139,qaqortoq,60.72,-46.03,59.0,22,40,28.86,GL,1590244162
140,shubarkuduk,49.14,56.49,83.84,34,12,15.7,KZ,1590244162
141,acari,-15.43,-74.62,72.19,48,65,5.35,PE,1590244162
142,bambous virieux,-20.34,57.76,73.4,69,40,10.29,MU,1590244163
143,albion,42.24,-84.75,66.99,100,40,3.36,US,1590244163
144,lompoc,34.64,-120.46,51.8,87,90,3.36,US,1590244163
145,tara,56.89,74.37,62.06,70,70,8.37,RU,1590244163
146,diffa,13.32,12.61,103.21,20,3,3.74,NE,1590244163
147,cabo san lucas,22.89,-109.91,77.0,60,5,11.23,MX,1590244033
148,bom jardim,-7.8,-35.59,80.67,79,40,11.03,BR,1590244163
149,padang,-0.95,100.35,81.14,71,99,4.07,ID,1590244163
150,carballo,43.21,-8.69,62.01,71,0,15.99,ES,1590244164
151,dukat,62.55,155.55,24.13,93,45,3.11,RU,1590244164
152,hermanus,-34.42,19.23,72.0,59,0,1.01,ZA,1590244164
153,sobolevo,54.43,31.9,49.24,74,97,8.88,RU,1590244164
154,camden,39.78,-74.97,66.99,97,100,4.45,US,1590244096
155,lagoa,39.05,-27.98,64.47,96,100,18.43,PT,1590244164
156,thompson,55.74,-97.86,44.6,75,40,5.82,CA,1590244116
157,kruisfontein,-34.0,24.73,66.36,52,0,9.35,ZA,1590244164
158,dunedin,-45.87,170.5,48.99,85,100,2.68,NZ,1590244164
159,rawson,-43.3,-65.1,56.14,36,100,11.7,AR,1590244164
160,iralaya,15.0,-83.23,84.2,79,40,6.76,HN,1590244165
161,havelock,34.88,-76.9,80.01,78,6,7.0,US,1590243957
162,vardo,70.37,31.11,57.2,35,97,9.17,NO,1590244165
163,pevek,69.7,170.31,28.4,97,100,5.03,RU,1590244165
164,plettenberg bay,-34.05,23.37,67.19,56,0,1.81,ZA,1590244165
165,torbay,47.67,-52.73,45.0,41,40,34.45,CA,1590244165
166,yerbogachen,61.28,108.01,63.03,53,100,4.21,RU,1590244166
167,faya,18.39,42.45,77.0,31,40,4.7,SA,1590244166
168,chicama,-7.84,-79.15,68.94,74,80,5.35,PE,1590244166
169,aswan,24.09,32.91,109.38,7,0,11.59,EG,1590244166
170,new norfolk,-42.78,147.06,48.99,79,18,1.99,AU,1590244166
171,mumford,5.26,-0.76,84.29,71,11,10.69,GH,1590244166
172,mahajanga,-15.72,46.32,89.6,40,20,6.93,MG,1590244166
173,port elizabeth,-33.92,25.57,69.8,56,0,5.82,ZA,1590244167
174,porto nacional,-10.71,-48.42,87.8,55,20,10.29,BR,1590244167
175,huichapan,20.38,-99.65,66.2,68,5,4.25,MX,1590244167
176,port macquarie,-31.43,152.92,57.99,66,97,1.01,AU,1590244167
177,bay roberts,47.6,-53.26,45.0,45,0,15.01,CA,1590244167
178,narsaq,60.92,-46.05,59.0,22,40,28.86,GL,1590244167
179,constitucion,-35.33,-72.42,56.97,44,15,6.02,CL,1590244168
180,cherskiy,68.75,161.3,25.16,96,0,7.4,RU,1590244168
181,brae,60.4,-1.35,50.0,93,99,24.16,GB,1590244168
182,provideniya,64.38,-173.3,37.09,88,100,5.59,RU,1590244168
183,khatanga,71.97,102.5,62.22,64,41,10.45,RU,1590244168
184,pisco,-13.7,-76.22,64.99,82,90,2.24,PE,1590244168
185,mayumba,-3.43,10.66,82.24,80,19,9.53,GA,1590244168
186,talas,38.69,35.55,57.2,44,40,1.12,TR,1590244168
187,camacha,33.08,-16.33,73.4,64,20,13.87,PT,1590244169
188,kitui,-1.37,38.01,74.44,69,45,8.79,KE,1590244169
189,uruguaiana,-29.75,-57.09,59.0,77,75,27.51,BR,1590244169
190,kununurra,-15.77,128.73,68.0,32,40,10.29,AU,1590244169
191,general roca,-39.03,-67.58,39.2,43,100,3.36,AR,1590244169
192,wagar,16.15,36.2,96.78,28,70,20.47,SD,1590244169
193,upernavik,72.79,-56.15,29.26,97,15,11.99,GL,1590244169
194,tura,25.52,90.22,74.57,89,9,3.71,IN,1590244169
195,arraial do cabo,-22.97,-42.03,86.0,55,59,10.29,BR,1590244170
196,san patricio,19.22,-104.7,75.2,78,90,1.36,MX,1590244170
197,ayr,55.46,-4.63,51.8,81,75,23.04,GB,1590244170
198,karpogory,64.0,44.45,43.03,62,100,4.29,RU,1590244170
199,prince rupert,54.32,-130.32,50.0,71,90,4.7,CA,1590244170
200,dikson,73.51,80.55,42.35,80,83,11.54,RU,1590244170
201,susehri,40.16,38.09,50.92,56,93,7.74,TR,1590244170
202,iquique,-20.22,-70.14,62.6,67,90,5.82,CL,1590244170
203,sibolga,1.74,98.78,77.92,88,100,1.88,ID,1590244171
204,geraldton,-28.77,114.6,69.8,19,100,10.29,AU,1590244171
205,greensburg,40.3,-79.54,69.01,100,75,6.93,US,1590243998
206,leningradskiy,69.38,178.42,28.06,98,100,3.96,RU,1590244171
207,esperance,-33.87,121.9,55.4,50,0,10.29,AU,1590244171
208,qandala,11.47,49.87,92.34,48,4,5.95,SO,1590244171
209,shahr-e kord,32.33,50.86,82.4,14,40,6.93,IR,1590244171
210,berlevag,70.86,29.09,48.16,58,98,24.29,NO,1590244171
211,mar del plata,-38.0,-57.56,55.99,82,100,4.7,AR,1590244150
212,hofn,64.25,-15.21,49.12,57,100,24.4,IS,1590244171
213,nantucket,41.28,-70.1,59.0,93,90,5.82,US,1590243925
214,norman wells,65.28,-126.83,42.8,70,20,4.7,CA,1590244172
215,nanortalik,60.14,-45.24,45.37,68,97,2.17,GL,1590244172
216,cape town,-33.93,18.42,70.0,68,20,10.29,ZA,1590243903
217,whitianga,-36.83,175.7,59.0,89,100,5.01,NZ,1590244172
218,beloha,-25.17,45.05,74.93,69,32,13.35,MG,1590244172
219,georgetown,5.41,100.34,84.0,94,40,3.0,MY,1590244172
220,umm kaddadah,13.6,26.69,98.85,24,4,4.81,SD,1590244172
221,fare,-16.7,-151.02,80.85,75,4,23.06,PF,1590244172
222,palana,59.12,159.97,31.69,95,0,2.39,RU,1590244172
223,pringsewu,-5.36,104.97,76.32,89,90,1.92,ID,1590244173
224,lavrentiya,65.58,-171.0,34.21,95,100,3.8,RU,1590244173
225,changli,39.7,119.15,57.74,78,44,1.36,CN,1590244173
226,gravdal,68.12,13.5,48.33,73,100,14.72,NO,1590244173
227,biak,-0.91,122.88,78.91,83,90,2.33,ID,1590244173
228,severo-kurilsk,50.68,156.12,39.94,71,94,6.06,RU,1590244173
229,ponta delgada,37.73,-25.67,64.4,100,75,6.93,PT,1590244173
230,launceston,-41.45,147.17,46.99,81,90,10.29,AU,1590243982
231,gimli,50.63,-96.99,69.01,63,98,5.99,CA,1590244028
232,gizo,-8.1,156.84,82.74,79,99,8.55,SB,1590244173
233,borogontsy,62.67,131.17,45.75,54,99,3.49,RU,1590244173
234,mercedes,-34.65,-59.43,57.0,77,0,4.0,AR,1590244174
235,san cristobal,7.77,-72.22,82.87,43,19,8.5,VE,1590243943
236,petropavlovsk-kamchatskiy,53.05,158.65,37.4,74,44,4.47,RU,1590243893
237,cidreira,-30.18,-50.21,60.24,77,94,15.84,BR,1590244174
238,leshukonskoye,64.9,45.76,44.56,58,75,4.92,RU,1590244174
239,saint-pierre,-21.34,55.48,73.4,64,1,19.46,RE,1590244174
240,karratha,-20.74,116.85,72.95,47,0,19.91,AU,1590244174
241,kosh-agach,50.0,88.67,53.13,50,73,5.53,RU,1590244174
242,erdenet,49.03,104.08,46.26,67,54,4.21,MN,1590244174
243,caconda,-13.73,15.07,77.7,29,0,3.0,AO,1590244174
244,longyearbyen,78.22,15.64,37.4,69,75,13.87,SJ,1590244175
245,guerrero negro,27.98,-114.06,60.69,76,99,13.31,MX,1590244175
246,azul,-36.78,-59.86,50.0,78,29,5.48,AR,1590244175
247,mopti,14.67,-4.0,104.29,7,0,5.08,ML,1590244175
248,ballina,-28.87,153.57,51.8,66,42,12.75,AU,1590244175
249,teahupoo,-17.83,-149.27,75.2,78,40,3.36,PF,1590244175
250,kieta,-6.22,155.63,79.36,82,100,3.74,PG,1590244175
251,itarema,-2.92,-39.92,81.79,84,16,10.56,BR,1590244175
252,port augusta,-32.5,137.77,55.4,76,22,14.99,AU,1590244175
253,ukiah,39.15,-123.21,48.2,81,1,2.21,US,1590244176
254,semey,50.41,80.23,78.8,26,99,8.95,KZ,1590244176
255,codrington,-38.27,141.97,52.02,75,100,13.4,AU,1590244176
256,birao,10.28,22.79,95.56,35,96,3.8,CF,1590244176
257,sao filipe,14.9,-24.5,76.32,67,0,6.42,CV,1590244176
258,ranong,9.97,98.63,82.4,88,20,5.5,TH,1590244176
259,san ramon,37.78,-121.98,54.0,76,1,0.07,US,1590244060
260,bathsheba,13.22,-59.52,87.8,62,20,20.8,BB,1590244176
261,mbarara,-0.61,30.65,75.31,63,42,6.13,UG,1590244177
262,bintulu,3.17,113.03,82.0,100,75,4.54,MY,1590244177
263,san miguel,13.48,-88.18,83.28,75,0,2.75,SV,1590243955
264,bogovina,43.9,21.94,71.6,37,40,9.17,RS,1590244177
265,salalah,17.02,54.09,89.6,75,75,9.17,OM,1590244177
266,flinders,-34.58,150.86,59.0,67,100,7.0,AU,1590244177
267,bagdarin,54.43,113.6,47.75,53,77,6.49,RU,1590244177
268,simbahan,6.3,120.58,84.47,78,92,7.61,PH,1590244178
269,egvekinot,66.32,-179.17,23.83,97,100,9.8,RU,1590244178
270,pacific grove,36.62,-121.92,54.0,81,1,2.04,US,1590244178
271,uige,-7.61,15.06,87.1,41,90,3.76,AO,1590244178
272,lubango,-14.92,13.49,75.31,31,0,4.9,AO,1590243923
273,castro,-24.79,-50.01,56.62,78,100,13.87,BR,1590244178
274,kerema,-7.96,145.78,79.57,83,46,1.59,PG,1590244178
275,okhotsk,59.38,143.3,41.32,68,100,7.47,RU,1590244178
276,xuddur,4.12,43.89,83.98,55,83,18.84,SO,1590244178
277,tarakan,3.3,117.63,84.11,76,89,9.8,ID,1590244178
278,espanola,35.99,-106.08,62.01,18,1,8.05,US,1590244179
279,kiunga,-6.12,141.29,75.88,98,100,3.58,PG,1590244179
280,pauini,-7.71,-66.98,88.03,60,16,2.8,BR,1590244179
281,luderitz,-26.65,15.16,73.4,49,0,13.87,NA,1590244179
282,kismayo,-0.36,42.55,81.79,73,0,17.43,SO,1590244179
283,urbandale,41.63,-93.71,64.4,93,90,8.05,US,1590244179
284,tessalit,20.2,1.01,97.93,9,0,11.56,ML,1590244179
285,kuching,1.55,110.33,80.01,94,40,4.7,MY,1590244179
286,leiyang,26.4,112.86,75.7,77,0,0.89,CN,1590244179
287,smithers,54.78,-127.17,42.8,87,75,2.24,CA,1590244180
288,balkhash,46.84,74.98,77.61,37,7,6.73,KZ,1590244180
289,itoman,26.12,127.67,75.2,94,75,3.36,JP,1590244180
290,kiruna,67.86,20.23,55.4,35,69,12.75,SE,1590244180
291,bubaque,11.28,-15.83,79.29,71,0,9.28,GW,1590244180
292,burnie,-41.07,145.92,44.01,84,0,7.14,AU,1590244180
293,miramar,25.99,-80.23,84.99,66,75,17.22,US,1590244180
294,shelburne,44.08,-80.2,73.4,40,20,2.59,CA,1590244181
295,kahului,20.89,-156.47,71.01,88,1,3.36,US,1590244181
296,tautira,-17.73,-149.15,75.2,78,55,3.36,PF,1590244181
297,antofagasta,-23.65,-70.4,59.0,72,75,6.93,CL,1590244181
298,abha,18.22,42.51,77.0,31,40,4.7,SA,1590244181
299,puerto escondido,15.85,-97.07,80.6,74,5,5.82,MX,1590244181
300,nobeoka,32.58,131.67,65.71,88,100,3.71,JP,1590244181
301,umm lajj,25.02,37.27,87.06,56,0,8.95,SA,1590244182
302,mattru,7.62,-11.83,84.47,78,93,5.73,SL,1590244182
303,el alto,-4.27,-81.21,73.4,60,75,19.46,PE,1590244182
304,jacqueville,5.21,-4.41,87.8,66,20,6.93,CI,1590244182
305,uchiza,-8.46,-76.46,70.47,83,99,1.16,PE,1590244182
306,tanout,14.97,8.89,99.21,20,86,5.32,NE,1590244182
307,coahuayana,18.73,-103.68,64.4,93,20,1.36,MX,1590244182
308,assare,-6.87,-39.88,84.88,53,1,7.56,BR,1590244182
309,okha,53.57,142.95,35.46,98,100,6.42,RU,1590244182
310,glace bay,46.2,-59.96,46.0,38,20,21.92,CA,1590244183
311,olafsvik,64.89,-23.71,47.95,61,100,12.03,IS,1590244183
312,maridi,4.92,29.47,79.18,88,61,3.65,SS,1590244183
313,chokurdakh,70.63,147.92,23.68,97,98,4.34,RU,1590244183
314,martapura,-3.42,114.85,80.6,100,0,2.24,ID,1590244183
315,adrar,20.5,-10.07,103.3,7,0,13.44,MR,1590244183
316,kollegal,12.15,77.12,82.2,58,98,5.21,IN,1590244183
317,woodstock,43.13,-80.75,68.0,93,90,5.82,CA,1590244179
318,ropczyce,50.05,21.61,66.2,32,100,6.93,PL,1590244183
319,ouro preto do oeste,-10.75,-62.22,69.66,88,98,10.96,BR,1590244184
320,rugeley,52.76,-1.94,61.0,40,37,15.99,GB,1590244184
321,cap malheureux,-19.98,57.61,73.0,69,0,5.01,MU,1590244184
322,shihezi,44.3,86.03,76.84,25,11,5.23,CN,1590244184
323,phenix city,32.47,-85.0,73.99,73,1,3.36,US,1590244109
324,glendive,47.11,-104.71,54.0,76,1,12.75,US,1590244184
325,klaksvik,62.23,-6.59,46.4,100,99,6.93,FO,1590244184
326,artesia,33.87,-118.08,64.99,72,90,6.93,US,1590244184
327,temiscaming,46.72,-79.1,71.6,26,5,19.46,CA,1590244184
328,mayfield,36.74,-88.64,73.99,83,1,10.29,US,1590244184
329,banda aceh,5.56,95.32,82.38,77,100,9.28,ID,1590244184
330,ketchikan,55.34,-131.65,51.8,71,75,13.87,US,1590244185
331,isangel,-19.55,169.27,71.28,76,100,6.69,VU,1590244185
332,bata,1.86,9.77,86.0,89,40,9.17,GQ,1590244185
333,storozhevaya,43.88,41.45,47.97,70,82,2.28,RU,1590244185
334,winnemucca,40.97,-117.74,33.8,74,1,3.36,US,1590244184
335,progreso,21.28,-89.67,81.0,88,90,4.7,MX,1590244185
336,walvis bay,-22.96,14.51,84.2,25,0,12.75,NA,1590244068
337,sinnamary,5.38,-52.95,82.49,76,71,10.51,GF,1590244185
338,madimba,-10.4,40.33,86.0,48,40,16.11,TZ,1590244185
339,sabang,5.89,95.32,83.95,79,100,13.42,ID,1590244185
340,kuopio,62.89,27.68,62.6,27,49,9.17,FI,1590244186
341,bengkulu,-3.8,102.27,79.74,83,32,4.92,ID,1590244186
342,sao felix do xingu,-6.64,-51.99,81.82,86,89,4.45,BR,1590244186
343,haines junction,60.75,-137.51,44.24,71,65,1.99,CA,1590244186
344,shingu,33.73,135.98,62.8,91,100,4.63,JP,1590244186
345,katsuura,35.13,140.3,62.6,93,40,3.36,JP,1590244186
346,beisfjord,68.38,17.6,59.0,33,18,18.34,NO,1590244186
347,poum,-20.23,164.02,75.22,75,82,16.98,NC,1590244186
348,kargat,55.2,80.28,66.63,59,58,4.59,RU,1590244187
349,guanica,17.97,-66.91,88.0,61,95,5.99,PR,1590244187
350,lashio,22.93,97.75,76.95,63,48,1.21,MM,1590244026
351,esil,51.96,66.4,80.92,42,5,11.32,KZ,1590244187
352,hokitika,-42.72,170.97,50.45,76,100,3.0,NZ,1590244187
353,arcata,40.87,-124.08,51.01,100,1,3.44,US,1590244187
354,saldanha,-33.01,17.94,69.8,60,0,9.17,ZA,1590244187
355,jiayuguan,39.82,98.3,67.5,22,4,14.43,CN,1590244187
356,acarau,-2.89,-40.12,82.08,83,23,11.12,BR,1590244187
357,elko,41.0,-115.5,37.99,69,1,3.36,US,1590244188
358,inhambane,-23.86,35.38,78.8,57,20,4.7,MZ,1590244188
359,mackay,-21.15,149.2,53.6,87,100,4.7,AU,1590243981
360,onega,63.91,38.14,48.18,52,45,5.86,RU,1590244188
361,vangaindrano,-23.35,47.6,70.32,89,6,6.06,MG,1590244188
362,lufilufi,-13.87,-171.6,84.78,76,33,10.07,WS,1590244188
363,altay,47.87,88.12,62.08,43,75,6.11,CN,1590244188
364,bulgan,48.81,103.53,48.18,59,95,3.91,MN,1590244188
365,gamba,-2.65,10.0,83.19,76,9,8.63,GA,1590244188
366,alekseyevsk,57.84,108.35,62.56,51,87,5.39,RU,1590244188
367,aksarka,66.56,67.8,60.37,45,99,5.86,RU,1590244189
368,shushenskoye,53.33,91.94,66.2,55,17,11.18,RU,1590244189
369,moose factory,51.26,-80.61,48.2,61,1,9.17,CA,1590244189
370,perth,-31.93,115.83,70.0,30,95,13.87,AU,1590244189
371,airai,-8.93,125.41,60.33,100,99,4.34,TL,1590244189
372,kultuk,51.72,103.7,54.97,47,0,5.01,RU,1590244189
373,portobelo,9.55,-79.65,82.4,78,40,4.7,PA,1590244189
374,mabaruma,8.2,-59.78,88.05,52,10,7.45,GY,1590244189
375,pangai,-19.8,-174.35,76.42,70,0,9.37,TO,1590244189
376,port lincoln,-34.73,135.87,57.18,78,97,12.97,AU,1590244189
377,north bend,43.41,-124.22,44.6,100,1,3.36,US,1590244190
378,wisconsin rapids,44.38,-89.82,61.0,82,90,8.05,US,1590244171
379,camocim,-2.9,-40.84,82.33,83,23,9.35,BR,1590244190
380,homer,59.64,-151.55,48.2,70,90,3.36,US,1590244190
381,burns lake,54.23,-125.75,41.16,80,0,2.46,CA,1590244190
382,inuvik,68.35,-133.72,42.8,52,5,8.05,CA,1590244146
383,gat,31.61,34.76,73.0,67,11,3.0,IL,1590244190
384,dire dawa,9.59,41.87,79.21,51,90,10.45,ET,1590244190
385,harper,4.38,-7.72,83.41,74,30,9.1,LR,1590244190
386,aklavik,68.22,-135.01,42.8,56,5,8.05,CA,1590244191
387,cape canaveral,28.41,-80.6,84.0,74,1,8.05,US,1590244191
388,san carlos de bariloche,-41.15,-71.31,48.99,80,40,3.36,AR,1590244185
389,oranjestad,12.52,-70.03,86.0,70,75,21.92,AW,1590243927
390,damietta,31.42,31.81,75.2,69,0,18.34,EG,1590244191
391,ihosy,-22.4,46.12,67.71,78,11,9.4,MG,1590244191
392,iqaluit,63.75,-68.51,26.6,73,90,20.8,CA,1590244191
393,aksha,50.28,113.29,56.01,43,68,7.29,RU,1590244192
394,sakakah,29.97,40.21,102.2,8,40,6.93,SA,1590244192
395,coquimbo,-29.95,-71.34,57.2,54,0,3.36,CL,1590244192
396,buchanan,5.88,-10.05,87.8,74,75,11.41,LR,1590244192
397,glens falls,43.31,-73.64,73.99,53,1,9.17,US,1590244192
398,puerto leguizamo,-0.19,-74.78,77.5,87,100,0.83,CO,1590244192
399,hobyo,5.35,48.53,88.2,61,56,26.64,SO,1590244192
400,vilyuysk,63.76,121.62,48.79,69,100,4.07,RU,1590244192
401,manzil salim,35.86,8.48,84.2,9,0,5.82,TN,1590244193
402,yuli,9.7,10.27,98.19,31,0,5.73,NG,1590244193
403,puerto ayacucho,5.66,-67.62,80.6,83,40,6.93,VE,1590244193
404,tayturka,52.87,103.46,60.35,34,0,7.47,RU,1590244193
405,nome,64.5,-165.41,44.6,75,1,8.05,US,1590244193
406,goderich,43.75,-81.72,66.0,71,0,7.76,CA,1590244193
407,kokopo,-4.35,152.26,80.1,83,100,4.27,PG,1590244193
408,ixtapa,20.7,-105.2,79.0,78,20,2.24,MX,1590243955
409,taltal,-25.4,-70.48,69.78,36,0,4.23,CL,1590244194
410,takoradi,4.88,-1.76,85.24,70,24,10.18,GH,1590244194
411,rudkobing,54.94,10.71,61.0,59,72,13.87,DK,1590244194
412,sandwick,60.0,-1.25,51.8,87,40,18.34,GB,1590244194
413,novoagansk,61.94,76.66,64.47,56,90,7.43,RU,1590244194
414,havre-saint-pierre,50.23,-63.6,44.6,28,1,14.99,CA,1590244194
415,sengiley,53.96,48.79,60.8,48,20,15.66,RU,1590244194
416,dvinskoy,62.15,45.12,44.92,59,100,5.03,RU,1590244194
417,sumbe,-11.21,13.84,82.56,74,13,11.05,AO,1590244195
418,rigaud,45.48,-74.3,62.6,27,20,10.29,CA,1590244010
419,la sarre,48.8,-79.2,57.63,43,1,7.72,CA,1590244195
420,nuuk,64.18,-51.72,48.2,63,5,9.17,GL,1590244195
421,barsovo,61.17,73.17,57.2,87,75,15.66,RU,1590244195
422,punta de bombon,-17.17,-71.79,65.1,74,91,7.18,PE,1590244195
423,beaverlodge,55.22,-119.44,46.4,87,75,3.36,CA,1590244195
424,lere,10.39,8.57,90.77,38,72,2.08,NG,1590244195
425,husavik,66.04,-17.34,42.8,81,68,4.7,IS,1590244195
426,san jeronimo,-11.95,-75.28,53.26,58,70,1.41,PE,1590244195
427,vendas novas,38.68,-8.46,84.2,45,3,11.41,PT,1590244196
428,camargo,27.67,-105.17,74.8,19,90,6.22,MX,1590244196
429,marawi,8.0,124.29,75.99,90,100,3.0,PH,1590244196
430,carutapera,-1.2,-46.02,81.97,90,90,6.04,BR,1590244196
431,valera,9.32,-70.6,88.61,41,63,1.88,VE,1590244196
432,abu samrah,35.3,37.18,75.04,49,0,23.42,SY,1590244196
433,brownsville,25.9,-97.5,84.2,74,75,13.87,US,1590244196
434,pacifica,37.61,-122.49,57.99,76,40,4.7,US,1590243902
435,togur,58.36,82.83,62.73,61,14,6.24,RU,1590244033
436,nouadhibou,20.93,-17.03,69.8,77,40,24.16,MR,1590244197
437,collie,-33.37,116.15,62.01,34,54,6.8,AU,1590244197
438,manta,-0.95,-80.73,77.0,78,75,9.17,EC,1590244121
439,sanmenxia,34.77,111.18,72.66,21,77,6.49,CN,1590244197
440,te anau,-45.42,167.72,47.25,88,100,1.39,NZ,1590244197
441,crossville,35.95,-85.03,73.99,77,90,4.7,US,1590244019
442,marsh harbour,26.54,-77.06,77.22,78,99,14.85,BS,1590244197
443,lamu,-2.27,40.9,80.24,79,15,16.96,KE,1590244197
444,victor harbor,-35.57,138.62,55.0,88,95,3.0,AU,1590244198
445,kemi,65.86,24.82,55.4,32,0,9.17,FI,1590244198
446,tabas,33.6,56.92,100.4,9,0,9.17,IR,1590244198
447,hermagor,46.63,13.37,73.4,60,40,6.93,AT,1590244198
448,yichang,30.71,111.28,80.1,60,15,3.4,CN,1590244198
449,longmont,40.17,-105.1,59.0,72,1,3.36,US,1590243962
450,khilok,51.37,110.47,50.29,48,3,4.52,RU,1590244198
451,waipawa,-41.41,175.52,48.99,93,100,6.93,NZ,1590244198
452,la ronge,55.1,-105.28,46.4,81,75,9.17,CA,1590244199
453,san quintin,30.48,-115.95,60.49,75,92,10.42,MX,1590244199
454,korce,40.62,20.78,66.2,45,75,4.7,AL,1590244199
455,tevaitoa,-16.78,-151.5,80.91,75,4,23.51,PF,1590244199
456,caxito,-8.58,13.66,82.4,74,20,12.75,AO,1590244199
457,marienburg,54.04,19.03,55.4,58,20,12.75,PL,1590244199
458,trindade,-16.65,-49.49,78.8,65,40,4.7,BR,1590244199
459,alofi,-19.06,-169.92,75.2,100,2,3.36,NU,1590244199
460,la libertad,-2.23,-80.9,73.4,83,83,5.82,EC,1590244199
461,juneau,58.3,-134.42,52.0,76,90,5.82,US,1590243925
462,russell,32.35,-85.2,73.99,83,1,1.95,US,1590244200
463,manicore,-5.81,-61.3,87.8,70,95,4.7,BR,1590244200
464,phu ly,20.54,105.91,80.02,88,93,3.47,VN,1590244200
465,megion,61.03,76.11,64.4,68,69,6.71,RU,1590244200
466,sibu,2.3,111.82,84.0,94,75,5.82,MY,1590244200
467,vila velha,-20.33,-40.29,84.2,66,20,11.41,BR,1590244200
468,ahipara,-35.17,173.17,57.9,89,100,7.96,NZ,1590244200
469,rorvik,64.86,11.24,48.96,87,100,5.64,NO,1590244200
470,usta muhammad,28.18,68.04,107.62,7,0,7.4,PK,1590244200
471,palatka,29.65,-81.64,82.0,69,1,9.17,US,1590244060
472,zalantun,48.0,122.72,50.86,77,100,1.86,CN,1590244201
473,lima,-12.04,-77.03,64.4,77,90,5.82,PE,1590244114
474,sitka,57.05,-135.33,53.6,58,90,12.75,US,1590244201
475,safaga,26.73,33.94,96.8,19,0,17.22,EG,1590244201
476,gorontalo,0.54,123.06,77.4,89,95,3.13,ID,1590244201
477,gisborne,-38.65,178.0,46.0,84,100,3.0,NZ,1590244193
478,bongouanou,6.65,-4.2,84.54,84,70,1.63,CI,1590244201
479,xai-xai,-25.05,33.64,70.12,69,0,5.57,MZ,1590244201
480,srednekolymsk,67.45,153.68,31.93,90,33,5.75,RU,1590244202
481,eureka,40.8,-124.16,51.01,43,100,3.2,US,1590244109
482,vanavara,60.34,102.28,65.14,42,64,0.89,RU,1590244202
483,xining,36.62,101.77,46.76,79,100,7.78,CN,1590244202
484,brenes,37.55,-5.87,97.0,21,93,5.82,ES,1590244202
485,carlos chagas,-17.7,-40.77,78.85,73,93,3.29,BR,1590244202
486,honningsvag,70.98,25.97,45.14,74,96,24.07,NO,1590244202
487,guozhen,34.37,107.36,74.26,27,100,2.15,CN,1590244202
488,chapleau,47.84,-83.4,71.6,40,5,6.93,CA,1590244203
489,cabatuan,10.88,122.49,80.06,82,100,2.37,PH,1590244203
490,hami,42.8,93.45,75.42,20,0,6.11,CN,1590244203
491,phibun mangsahan,15.24,105.23,78.8,100,20,3.36,TH,1590244203
492,andenes,69.31,16.12,57.2,50,1,16.11,NO,1590244203
493,mogadishu,2.04,45.34,84.2,66,20,18.34,SO,1590244203
494,kamaishi,39.27,141.88,58.87,91,98,7.34,JP,1590244204
495,richards bay,-28.78,32.04,71.82,71,0,3.42,ZA,1590244204
496,mount gambier,-37.83,140.77,48.2,93,40,8.05,AU,1590244186
497,shumikha,55.23,63.3,61.47,90,100,5.61,RU,1590244204
498,umba,66.69,34.34,45.1,66,51,14.61,RU,1590244204
499,yarumal,6.96,-75.42,71.28,62,75,3.33,CO,1590244204
500,deoli,25.75,75.38,98.17,16,0,7.52,IN,1590244204
501,meadow lake,34.8,-106.54,66.99,16,40,6.93,US,1590244204
502,omsukchan,62.53,155.8,26.2,91,45,2.73,RU,1590244205
503,mehamn,71.04,27.85,50.45,52,100,18.39,NO,1590244205
504,bardiyah,31.76,25.09,71.91,54,0,15.32,LY,1590244205
505,melnikovo,56.56,84.08,68.0,69,0,4.54,RU,1590244205
506,lahore,31.55,74.34,100.4,22,40,8.05,PK,1590244122
507,chhachhrauli,30.25,77.37,100.13,10,0,9.01,IN,1590244123
508,waingapu,-9.66,120.26,78.57,86,82,12.88,ID,1590244205
509,yulara,-25.24,130.99,51.8,32,0,9.17,AU,1590244205
510,sol-iletsk,51.16,54.99,79.72,42,36,13.78,RU,1590244205
511,vestmanna,62.16,-7.17,46.4,100,100,6.93,FO,1590244205
512,kastamonu,41.5,33.67,45.99,76,100,9.93,TR,1590244206
513,sarnia,42.98,-82.4,68.0,77,90,5.82,CA,1590244122
514,bindura,-17.3,31.33,71.13,36,0,4.5,ZW,1590244206
515,bushenyi,-0.59,30.21,71.83,70,29,5.61,UG,1590244206
516,tucupita,9.06,-62.05,91.08,46,42,7.02,VE,1590244206
517,bodden town,19.28,-81.25,81.0,94,75,10.29,KY,1590244206
518,kendari,-3.94,122.5,78.4,90,99,1.92,ID,1590244206
519,wajima,37.4,136.9,59.9,85,28,6.67,JP,1590244206
520,yelyzavethradka,48.8,32.4,53.62,69,75,11.23,UA,1590244207
521,tyssedal,60.12,6.56,54.0,65,99,18.01,NO,1590244207
522,sarmanovo,55.26,52.59,64.4,36,95,17.9,RU,1590244207
523,tefe,-3.35,-64.71,82.4,94,75,5.82,BR,1590244207
524,luganville,-15.53,167.17,73.87,77,11,3.22,VU,1590244207
525,ivdel,60.69,60.42,57.83,61,13,6.04,RU,1590244207
526,labuhan,-6.88,112.21,81.32,81,5,6.04,ID,1590244207
527,sydney,-33.87,151.21,57.99,67,90,16.11,AU,1590244195
528,buraydah,26.33,43.98,102.2,12,20,4.7,SA,1590244207
529,sterling,39.01,-77.43,73.99,73,75,8.05,US,1590244208
530,safford,32.83,-109.71,66.2,22,1,6.93,US,1590244208
531,domoni,-12.26,44.53,77.76,79,53,12.93,KM,1590244208
532,marzuq,14.4,46.47,88.2,36,69,13.69,YE,1590244209
533,saint-augustin,51.23,-58.65,45.55,53,100,23.69,CA,1590244209
534,samdrup jongkhar,26.92,91.62,68.22,82,55,4.43,BT,1590244209
535,onda,39.97,-0.25,81.0,49,68,3.0,ES,1590244209
536,qui nhon,13.77,109.23,83.73,81,100,5.7,VN,1590244174
537,kano,12.0,8.52,96.8,41,75,4.7,NG,1590244209
538,prelouc,50.04,15.56,69.01,77,90,1.12,CZ,1590244209
539,amapa,1.0,-52.0,83.08,80,61,3.91,BR,1590244209
540,sedro-woolley,48.5,-122.24,51.01,93,90,4.7,US,1590244209
541,kavaratti,10.57,72.64,84.92,77,84,11.23,IN,1590244210
542,ternate,0.8,127.4,79.74,81,100,6.91,ID,1590244210
543,nelson bay,-32.72,152.15,55.99,87,90,19.46,AU,1590244210
544,cacimba de dentro,-6.64,-35.79,78.96,83,31,10.22,BR,1590244210
545,bandundu,-3.32,17.37,87.33,58,44,5.95,CD,1590244210
546,boa vista,2.82,-60.67,84.2,66,75,13.87,BR,1590244063
547,belaya gora,68.53,146.42,37.15,73,91,6.4,RU,1590244210
548,zorya,45.99,29.7,60.17,46,71,9.26,UA,1590244210
549,dalbandin,28.89,64.41,92.71,10,2,10.96,PK,1590244211
550,broken hill,-31.95,141.43,50.0,93,40,9.17,AU,1590244211
551,catalina,32.51,-110.92,75.0,20,0,1.01,US,1590244211
552,skjervoy,70.03,20.97,43.66,90,86,15.55,NO,1590244211
553,tilichiki,60.47,166.1,27.95,95,0,6.78,RU,1590244211
554,aktau,43.65,51.2,64.4,88,75,20.13,KZ,1590244211
555,pangnirtung,66.15,-65.71,28.4,86,90,18.34,CA,1590244211
